ccy,weeks_traded,active_frac,spread_mean,spread_p5,spread_p50,spread_p95
BRL,363,0.9945205479452055,0.0784602813789536,0.049767801993138926,0.07374724557030886,0.10786551465400666
NGN,38,0.10410958904109589,0.11072863643788554,0.08160735495801619,0.10679740078445521,0.13976665491981344
PKR,172,0.4712328767123288,0.10498832120803613,0.08230277671047351,0.10449008759471248,0.1286909040036538
TRY,317,0.8684931506849315,0.19295882064566192,0.06546186953130226,0.1934590380860939,0.3036556085124749
ZAR,136,0.3726027397260274,0.05645080261714494,0.04024613193292773,0.054328606210419905,0.07030667317772092
PORTFOLIO,1026,,,,2.8109589041095893,
