ccy,BRL,NGN,PKR,TRY,ZAR
BRL,1.0,0.07675327411924995,-0.06509360902504825,0.11554230687142399,
NGN,0.07675327411924995,1.0,0.002499492952323642,0.09198576235227049,
PKR,-0.06509360902504825,0.002499492952323642,1.0,0.0008232162962638397,
TRY,0.11554230687142399,0.09198576235227049,0.0008232162962638397,1.0,
ZAR,,,,,
