ccy,pnl_usd_worst10w
TRY,-7334185.201694715
BRL,-3098137.1076861033
NGN,-1508931.2878147494
PKR,-1360121.7769664945
ZAR,0.0
