portfolio,sharpe_weekly,sharpe_ann,max_dd_wealth
full,-0.05875456822308674,-0.4236852167921727,-0.9953604737695458
ex_BRL,-0.08709834234320286,-0.6280750786526685,-0.9999424069277549
ex_NGN,-0.06232510700929704,-0.4494327381416011,-0.9946581296221665
ex_PKR,-0.05440711965632052,-0.3923353193423367,-0.9984193657792667
ex_TRY,0.016384237131431584,0.1181484141734752,-0.9009396756201843
ex_ZAR,-0.05680046116934747,-0.4095939504321671,-0.9966241795064401
