horizon,MSE_Analyst,MSE_RF,MSE_NN,NN_minus_RF,RF_minus_Analyst,NN_minus_Analyst
q1,0.1225592761159402,0.10967816702317985,10384123069595.504,10384123069595.395,-0.012881109092760343,10384123069595.38
q2,0.1217110981192721,0.10984132062126568,15155527626072.027,15155527626071.918,-0.011869777498006412,15155527626071.906
q3,0.12157024447291166,0.10877104792079145,37064840854942.664,37064840854942.555,-0.01279919655212021,37064840854942.54
y1,0.1217922318979799,0.11103611045060961,0.08792577151961734,-0.023110338930992277,-0.010756121447370287,-0.033866460378362565
y2,0.12389454044105706,0.11200083905428211,0.09012700635007848,-0.021873832704203636,-0.011893701386774952,-0.03376753409097859
