ccy,active_frac
BRL,0.14560439560439561
NGN,0.21978021978021978
PKR,0.22965116279069767
TRY,0.21978021978021978
ZAR,0.19230769230769232
ALL_AVG_ACTIVE_POS,0.9945054945054945
