ccy,weeks_available,weeks_traded,active_frac,mean_weekly_ret_cond_active,vol_weekly_ret_cond_active,mean_weekly_ret_uncond,vol_weekly_ret_uncond,sharpe_weekly_cond_active,sharpe_ann_cond_active,pnl_sum_usd,max_dd_wealth
ZAR,4,4,1.0,-0.10286247662943751,0.7073736291159479,-0.10286247662943751,0.7073736291159479,-0.1454146329401502,-1.0485998305369726,-1630638.3714423226,-0.999999
PKR,4,4,1.0,-0.10538308757040615,0.6749120029788132,-0.10538308757040615,0.6749120029788132,-0.15614344848703832,-1.1259664196955734,-3559741.1190648647,-0.999999
NGN,4,4,1.0,-0.3702578549260477,0.5774957663546298,-0.3702578549260477,0.5774957663546298,-0.6411438429466839,-4.623354001384599,-8818172.324659426,-0.9999994738692287
TRY,4,4,1.0,-0.43107090371183643,0.48568799802306334,-0.43107090371183643,0.48568799802306334,-0.8875469549720407,-6.400192111067242,-10394276.481218705,-0.9999996062450144
BRL,4,4,1.0,-0.6637985804332267,0.3079915788276365,-0.6637985804332267,0.3079915788276365,-2.1552491238882636,-15.541722455155949,-6175872.887401766,-0.9999998914674355
