ccy,mean_weekly,vol_weekly,ann_sharpe,active_frac,pnl_sum_usd,max_dd_wealth,active_weeks
ZAR,0.021989263882209734,0.09189672563923658,1.725489518489751,0.19230769230769232,3078496.9435093636,-0.37388709557357835,70
BRL,0.00823741079063942,0.13520280153428618,0.4393460290122619,0.14560439560439561,873165.5438077785,-0.6385469470893703,53
NGN,0.0029073657239632096,0.12980321555548716,0.16151612499606838,0.21978021978021978,465178.5158341136,-0.5552798925162692,80
PKR,0.0014288684846695372,0.12656092744349134,0.08141309788790571,0.22965116279069767,225761.22057778668,-0.5394417897838755,79
TRY,-0.024020092860412897,0.16876091220373676,-1.0263712766030844,0.21978021978021978,-3843214.857666064,-0.9734149815532291,80
