ccy,BRL,NGN,PKR,TRY,ZAR
BRL,1.0,0.9733141921082366,0.34767201646903223,0.9953795308879493,0.30969958582254437
NGN,0.9733141921082366,1.0,0.40518702810443497,0.9822691563604394,0.3930976903300459
PKR,0.34767201646903223,0.40518702810443497,1.0,0.4309085754829301,0.9930021952606796
TRY,0.9953795308879493,0.9822691563604394,0.4309085754829301,1.0,0.3973025959891798
ZAR,0.30969958582254437,0.3930976903300459,0.9930021952606796,0.3973025959891798,1.0
