ccy,BRL,NGN,PKR,TRY,ZAR
BRL,1.0,-0.14652984900821672,0.07864054789400411,0.022065185307123484,0.5149913854973314
NGN,-0.14652984900821672,1.0,0.15682716868751545,0.17451895885048022,0.02223763368588723
PKR,0.07864054789400411,0.15682716868751545,1.0,0.1346080024113027,0.10159336947167887
TRY,0.022065185307123484,0.17451895885048022,0.1346080024113027,1.0,0.19928024763878294
ZAR,0.5149913854973314,0.02223763368588723,0.10159336947167887,0.19928024763878294,1.0
