ccy,BRL,NGN,PKR,TRY,ZAR
BRL,1.0,0.08786088613728173,-0.05766702600509646,0.12331718676721797,0.37484937208859653
NGN,0.08786088613728173,1.0,0.0006692017478957281,0.0517389169826026,0.07326050926495646
PKR,-0.05766702600509646,0.0006692017478957281,1.0,0.06637172408188013,-0.024514819386906684
TRY,0.12331718676721797,0.0517389169826026,0.06637172408188013,1.0,0.014178092571284587
ZAR,0.37484937208859653,0.07326050926495646,-0.024514819386906684,0.014178092571284587,1.0
