ccy,drop_one_sharpe,delta_vs_base
NGN,-0.22748320809740746,-0.017769883958368704
BRL,-0.22135574349444623,-0.011642419355407468
ZAR,-0.2164494189334143,-0.006736094794375536
PKR,-0.1704020369005428,0.039311287238495946
TRY,-0.13166805045319388,0.07804527368584488
