portfolio,sharpe_weekly,sharpe_ann,max_dd_wealth
full,0.012062397745742416,0.08698318715463103,-0.9713474175791386
ex_BRL,0.013091721552632154,0.09440574668422452,-0.9930257334407544
ex_NGN,0.00941996130269536,0.06792830697950934,-0.9738406349515318
ex_PKR,0.014108286915692332,0.10173630376697279,-0.9697791398378177
ex_TRY,0.032643599285578646,0.23539634207970692,-0.8812520333821323
ex_ZAR,-0.005339146472014247,-0.03850113274412005,-0.9985536985211015
