portfolio,sharpe_weekly,sharpe_ann,max_dd_wealth
full,-0.731342326913679,-5.273784519208833,-0.9999991151262719
ex_BRL,-0.49163030705370375,-3.5451965613084684,-0.999999
ex_NGN,-0.710109209382673,-5.120670331216843,-0.9999990709121532
ex_PKR,-0.8921736675731028,-6.433555810107172,-0.999999314641698
ex_TRY,-0.6551942403034481,-4.724672857605513,-0.9999990008676097
ex_ZAR,-0.8981391113437205,-6.47657323689889,-0.9999993428095361
