model,factor,alpha,beta,t_beta_hac4,r2,n
univariate,usd_proxy,0.0013862382987709025,-0.46607296374482293,-0.9627312963995626,0.0025679761566347326,362
univariate,em_fx_basket,0.0015094272583855114,0.005908484401737109,0.012533875847494479,4.363832646347987e-07,362
univariate,rates_proxy_on,0.0014472400850606372,0.5620546325722192,0.08172095799637151,1.8550530804462007e-05,362
univariate,rates_proxy_5y,0.00012020759836839252,16.894062945059773,2.5156119282555145,0.017274950680312928,362
multivariate,const,-0.0005014536654597702,-0.0005014536654597702,,0.025349665334253202,362
multivariate,usd_proxy,-0.0005014536654597702,-0.8731128839654776,,0.025349665334253202,362
multivariate,em_fx_basket,-0.0005014536654597702,-0.061663024266522856,,0.025349665334253202,362
multivariate,rates_proxy_5y,-0.0005014536654597702,20.090573304545735,,0.025349665334253202,362
