model,factor,alpha,beta,t_beta_hac4,r2,n
univariate,usd_proxy,-0.13071978995940037,15.316309241214643,50.34358061289935,0.9867530682623086,3
univariate,em_fx_basket,-0.5692515138833268,-0.7155270375519418,-3.053683274384862,0.38289314287795195,3
univariate,rates_proxy_on,-0.5756159127075934,13.753722016625007,3.2366529141587055,0.41120613211424517,3
univariate,rates_proxy_5y,-0.577891998689284,13.947712856478164,3.2647917658270127,0.4153814054794843,3
multivariate,const,-0.214111328125,-0.214111328125,-0.0006934337755192361,0.9992501219078519,3
multivariate,usd_proxy,-0.214111328125,13.5703125,0.001439203233969284,0.9992501219078519,3
multivariate,em_fx_basket,-0.214111328125,0.171875,5.348883708287496e-06,0.9992501219078519,3
multivariate,rates_proxy_5y,-0.214111328125,6.75,2.7243853833359e-05,0.9992501219078519,3
