horizon,pct_improvement_nn_vs_rf
q1,-94678123745455.88
q2,-137976560554369.05
q3,-340760170683780.5
y1,0.2081335417568693
y2,0.19530061461059559
